<?xml version="1.0" encoding="UTF-8"?><?xml-stylesheet type='text/xsl' href='_UpgradeReport_Files/UpgradeReport.xslt'?><UpgradeLog>
<Properties><Property Name="Solution" Value="Mobius">
</Property><Property Name="Solution File" Value="Y:\3.Coordenação - GCA\1.Automação de Processos\8.Projetos\0604. Coff (Reorg) - Workflow de Contratação Cambio e off shore\9. Fonte\v5_21-10-15\Mobius.sln">
</Property><Property Name="Date" Value="terça-feira, 20 de outubro de 2015">
</Property><Property Name="Time" Value="15:11">
</Property></Properties><Event ErrorLevel="0" Project="Mobius" Source="Mobius\Mobius.csproj" Description="The project file does not require conversion.">
</Event><Event ErrorLevel="3" Project="Mobius" Source="Mobius\Mobius.csproj" Description="No Conversion Required">
</Event><Event ErrorLevel="0" Project="Boleta.Mobios" Source="Boleta.Mobios\Boleta.Mobios.csproj" Description="The project file does not require conversion.">
</Event><Event ErrorLevel="3" Project="Boleta.Mobios" Source="Boleta.Mobios\Boleta.Mobios.csproj" Description="No Conversion Required">
</Event><Event ErrorLevel="0" Project="Lib.Mobios" Source="Lib.Mobios\Lib.Mobios.csproj" Description="The project file does not require conversion.">
</Event><Event ErrorLevel="3" Project="Lib.Mobios" Source="Lib.Mobios\Lib.Mobios.csproj" Description="No Conversion Required">
</Event><Event ErrorLevel="0" Project="" Source="Mobius.sln" Description="Solution converted successfully">
</Event><Event ErrorLevel="3" Project="" Source="Mobius.sln" Description="Converted">
</Event></UpgradeLog>