<?xml version="1.0" encoding="UTF-8"?><?xml-stylesheet type='text/xsl' href='_UpgradeReport_Files/UpgradeReport.xslt'?><UpgradeLog>
<Properties><Property Name="Solution" Value="Mobius">
</Property><Property Name="Solution File" Value="Y:\3.Coordenação - GCA\1.Automação de Processos\4.Fontes\Mobios+\Versão Unificada\3 RUPTURA - Trade Finance - MiniSim - V21.12.2016\Mobius.sln">
</Property><Property Name="User Options File" Value="Y:\3.Coordenação - GCA\1.Automação de Processos\4.Fontes\Mobios+\Versão Unificada\3 RUPTURA - Trade Finance - MiniSim - V21.12.2016\Mobius.suo">
</Property><Property Name="Date" Value="quarta-feira, 21 de dezembro de 2016">
</Property><Property Name="Time" Value="15:33">
</Property><Property Name="Log Number" Value="2">
</Property></Properties><Event ErrorLevel="0" Project="" Source="Mobius.sln" Description="File successfully backed up as Y:\3.Coordenação - GCA\1.Automação de Processos\4.Fontes\Mobios+\Versão Unificada\3 RUPTURA - Trade Finance - MiniSim - V21.12.2016\Backup\Mobius.sln">
</Event><Event ErrorLevel="0" Project="" Source="Mobius.suo" Description="File successfully backed up as Y:\3.Coordenação - GCA\1.Automação de Processos\4.Fontes\Mobios+\Versão Unificada\3 RUPTURA - Trade Finance - MiniSim - V21.12.2016\Backup\Mobius.suo">
</Event><Event ErrorLevel="0" Project="Mobius" Source="Mobius\Mobius.csproj" Description="Project file successfully backed up as Y:\3.Coordenação - GCA\1.Automação de Processos\4.Fontes\Mobios+\Versão Unificada\3 RUPTURA - Trade Finance - MiniSim - V21.12.2016\Backup\Mobius\Mobius.csproj">
</Event><Event ErrorLevel="0" Project="Mobius" Source="Mobius\Mobius.csproj.user" Description="Project user file successfully backed up as Y:\3.Coordenação - GCA\1.Automação de Processos\4.Fontes\Mobios+\Versão Unificada\3 RUPTURA - Trade Finance - MiniSim - V21.12.2016\Backup\Mobius\Mobius.csproj.user">
</Event><Event ErrorLevel="0" Project="Mobius" Source="Mobius\CustomUI\CustomMethod.cs" Description="File successfully backed up as Y:\3.Coordenação - GCA\1.Automação de Processos\4.Fontes\Mobios+\Versão Unificada\3 RUPTURA - Trade Finance - MiniSim - V21.12.2016\Backup\Mobius\CustomUI\CustomMethod.cs">
</Event><Event ErrorLevel="0" Project="Mobius" Source="Mobius\CustomUI\AbreExcel.cs" Description="File successfully backed up as Y:\3.Coordenação - GCA\1.Automação de Processos\4.Fontes\Mobios+\Versão Unificada\3 RUPTURA - Trade Finance - MiniSim - V21.12.2016\Backup\Mobius\CustomUI\AbreExcel.cs">
</Event><Event ErrorLevel="0" Project="Mobius" Source="Mobius\CustomUI\AbreExcel.Designer.cs" Description="File successfully backed up as Y:\3.Coordenação - GCA\1.Automação de Processos\4.Fontes\Mobios+\Versão Unificada\3 RUPTURA - Trade Finance - MiniSim - V21.12.2016\Backup\Mobius\CustomUI\AbreExcel.Designer.cs">
</Event><Event ErrorLevel="0" Project="Mobius" Source="Mobius\CustomUI\AcessoBoleto.cs" Description="File successfully backed up as Y:\3.Coordenação - GCA\1.Automação de Processos\4.Fontes\Mobios+\Versão Unificada\3 RUPTURA - Trade Finance - MiniSim - V21.12.2016\Backup\Mobius\CustomUI\AcessoBoleto.cs">
</Event><Event ErrorLevel="0" Project="Mobius" Source="Mobius\CustomUI\AcessoBoleto.Designer.cs" Description="File successfully backed up as Y:\3.Coordenação - GCA\1.Automação de Processos\4.Fontes\Mobios+\Versão Unificada\3 RUPTURA - Trade Finance - MiniSim - V21.12.2016\Backup\Mobius\CustomUI\AcessoBoleto.Designer.cs">
</Event><Event ErrorLevel="0" Project="Mobius" Source="Mobius\CustomUI\FluxoColetaNumerario.cs" Description="File successfully backed up as Y:\3.Coordenação - GCA\1.Automação de Processos\4.Fontes\Mobios+\Versão Unificada\3 RUPTURA - Trade Finance - MiniSim - V21.12.2016\Backup\Mobius\CustomUI\FluxoColetaNumerario.cs">
</Event><Event ErrorLevel="0" Project="Mobius" Source="Mobius\CustomUI\FluxoColetaNumerario.Designer.cs" Description="File successfully backed up as Y:\3.Coordenação - GCA\1.Automação de Processos\4.Fontes\Mobios+\Versão Unificada\3 RUPTURA - Trade Finance - MiniSim - V21.12.2016\Backup\Mobius\CustomUI\FluxoColetaNumerario.Designer.cs">
</Event><Event ErrorLevel="0" Project="Mobius" Source="Mobius\CustomUI\ImportaArquivos.cs" Description="File successfully backed up as Y:\3.Coordenação - GCA\1.Automação de Processos\4.Fontes\Mobios+\Versão Unificada\3 RUPTURA - Trade Finance - MiniSim - V21.12.2016\Backup\Mobius\CustomUI\ImportaArquivos.cs">
</Event><Event ErrorLevel="0" Project="Mobius" Source="Mobius\CustomUI\ImportaArquivos.Designer.cs" Description="File successfully backed up as Y:\3.Coordenação - GCA\1.Automação de Processos\4.Fontes\Mobios+\Versão Unificada\3 RUPTURA - Trade Finance - MiniSim - V21.12.2016\Backup\Mobius\CustomUI\ImportaArquivos.Designer.cs">
</Event><Event ErrorLevel="0" Project="Mobius" Source="Mobius\CustomUI\Integradores.cs" Description="File successfully backed up as Y:\3.Coordenação - GCA\1.Automação de Processos\4.Fontes\Mobios+\Versão Unificada\3 RUPTURA - Trade Finance - MiniSim - V21.12.2016\Backup\Mobius\CustomUI\Integradores.cs">
</Event><Event ErrorLevel="0" Project="Mobius" Source="Mobius\CustomUI\Integradores.Designer.cs" Description="File successfully backed up as Y:\3.Coordenação - GCA\1.Automação de Processos\4.Fontes\Mobios+\Versão Unificada\3 RUPTURA - Trade Finance - MiniSim - V21.12.2016\Backup\Mobius\CustomUI\Integradores.Designer.cs">
</Event><Event ErrorLevel="0" Project="Mobius" Source="Mobius\CustomUI\Minutas.cs" Description="File successfully backed up as Y:\3.Coordenação - GCA\1.Automação de Processos\4.Fontes\Mobios+\Versão Unificada\3 RUPTURA - Trade Finance - MiniSim - V21.12.2016\Backup\Mobius\CustomUI\Minutas.cs">
</Event><Event ErrorLevel="0" Project="Mobius" Source="Mobius\CustomUI\Minutas.Designer.cs" Description="File successfully backed up as Y:\3.Coordenação - GCA\1.Automação de Processos\4.Fontes\Mobios+\Versão Unificada\3 RUPTURA - Trade Finance - MiniSim - V21.12.2016\Backup\Mobius\CustomUI\Minutas.Designer.cs">
</Event><Event ErrorLevel="0" Project="Mobius" Source="Mobius\CustomUI\Ptax.cs" Description="File successfully backed up as Y:\3.Coordenação - GCA\1.Automação de Processos\4.Fontes\Mobios+\Versão Unificada\3 RUPTURA - Trade Finance - MiniSim - V21.12.2016\Backup\Mobius\CustomUI\Ptax.cs">
</Event><Event ErrorLevel="0" Project="Mobius" Source="Mobius\CustomUI\Ptax.Designer.cs" Description="File successfully backed up as Y:\3.Coordenação - GCA\1.Automação de Processos\4.Fontes\Mobios+\Versão Unificada\3 RUPTURA - Trade Finance - MiniSim - V21.12.2016\Backup\Mobius\CustomUI\Ptax.Designer.cs">
</Event><Event ErrorLevel="0" Project="Mobius" Source="Mobius\Settings.cs" Description="File successfully backed up as Y:\3.Coordenação - GCA\1.Automação de Processos\4.Fontes\Mobios+\Versão Unificada\3 RUPTURA - Trade Finance - MiniSim - V21.12.2016\Backup\Mobius\Settings.cs">
</Event><Event ErrorLevel="0" Project="Mobius" Source="Mobius\CustomUI\Web.cs" Description="File successfully backed up as Y:\3.Coordenação - GCA\1.Automação de Processos\4.Fontes\Mobios+\Versão Unificada\3 RUPTURA - Trade Finance - MiniSim - V21.12.2016\Backup\Mobius\CustomUI\Web.cs">
</Event><Event ErrorLevel="0" Project="Mobius" Source="Mobius\CustomUI\Web.Designer.cs" Description="File successfully backed up as Y:\3.Coordenação - GCA\1.Automação de Processos\4.Fontes\Mobios+\Versão Unificada\3 RUPTURA - Trade Finance - MiniSim - V21.12.2016\Backup\Mobius\CustomUI\Web.Designer.cs">
</Event><Event ErrorLevel="0" Project="Mobius" Source="Mobius\UI\SharedData.cs" Description="File successfully backed up as Y:\3.Coordenação - GCA\1.Automação de Processos\4.Fontes\Mobios+\Versão Unificada\3 RUPTURA - Trade Finance - MiniSim - V21.12.2016\Backup\Mobius\UI\SharedData.cs">
</Event><Event ErrorLevel="0" Project="Mobius" Source="Mobius\UI\Atribuir.cs" Description="File successfully backed up as Y:\3.Coordenação - GCA\1.Automação de Processos\4.Fontes\Mobios+\Versão Unificada\3 RUPTURA - Trade Finance - MiniSim - V21.12.2016\Backup\Mobius\UI\Atribuir.cs">
</Event><Event ErrorLevel="0" Project="Mobius" Source="Mobius\UI\Atribuir.Designer.cs" Description="File successfully backed up as Y:\3.Coordenação - GCA\1.Automação de Processos\4.Fontes\Mobios+\Versão Unificada\3 RUPTURA - Trade Finance - MiniSim - V21.12.2016\Backup\Mobius\UI\Atribuir.Designer.cs">
</Event><Event ErrorLevel="0" Project="Mobius" Source="Mobius\CustomUI\ContasVinculadas.cs" Description="File successfully backed up as Y:\3.Coordenação - GCA\1.Automação de Processos\4.Fontes\Mobios+\Versão Unificada\3 RUPTURA - Trade Finance - MiniSim - V21.12.2016\Backup\Mobius\CustomUI\ContasVinculadas.cs">
</Event><Event ErrorLevel="0" Project="Mobius" Source="Mobius\CustomUI\ContasVinculadas.Designer.cs" Description="File successfully backed up as Y:\3.Coordenação - GCA\1.Automação de Processos\4.Fontes\Mobios+\Versão Unificada\3 RUPTURA - Trade Finance - MiniSim - V21.12.2016\Backup\Mobius\CustomUI\ContasVinculadas.Designer.cs">
</Event><Event ErrorLevel="0" Project="Mobius" Source="Mobius\CustomUI\IntegracaoExcel.cs" Description="File successfully backed up as Y:\3.Coordenação - GCA\1.Automação de Processos\4.Fontes\Mobios+\Versão Unificada\3 RUPTURA - Trade Finance - MiniSim - V21.12.2016\Backup\Mobius\CustomUI\IntegracaoExcel.cs">
</Event><Event ErrorLevel="0" Project="Mobius" Source="Mobius\CustomUI\IntegracaoExcel.Designer.cs" Description="File successfully backed up as Y:\3.Coordenação - GCA\1.Automação de Processos\4.Fontes\Mobios+\Versão Unificada\3 RUPTURA - Trade Finance - MiniSim - V21.12.2016\Backup\Mobius\CustomUI\IntegracaoExcel.Designer.cs">
</Event><Event ErrorLevel="0" Project="Mobius" Source="Mobius\UI\SimilaritySearch.cs" Description="File successfully backed up as Y:\3.Coordenação - GCA\1.Automação de Processos\4.Fontes\Mobios+\Versão Unificada\3 RUPTURA - Trade Finance - MiniSim - V21.12.2016\Backup\Mobius\UI\SimilaritySearch.cs">
</Event><Event ErrorLevel="0" Project="Mobius" Source="Mobius\UI\SimilaritySearch.Designer.cs" Description="File successfully backed up as Y:\3.Coordenação - GCA\1.Automação de Processos\4.Fontes\Mobios+\Versão Unificada\3 RUPTURA - Trade Finance - MiniSim - V21.12.2016\Backup\Mobius\UI\SimilaritySearch.Designer.cs">
</Event><Event ErrorLevel="0" Project="Mobius" Source="Mobius\UI\FollowUpEtapa.cs" Description="File successfully backed up as Y:\3.Coordenação - GCA\1.Automação de Processos\4.Fontes\Mobios+\Versão Unificada\3 RUPTURA - Trade Finance - MiniSim - V21.12.2016\Backup\Mobius\UI\FollowUpEtapa.cs">
</Event><Event ErrorLevel="0" Project="Mobius" Source="Mobius\UI\FollowUpEtapa.Designer.cs" Description="File successfully backed up as Y:\3.Coordenação - GCA\1.Automação de Processos\4.Fontes\Mobios+\Versão Unificada\3 RUPTURA - Trade Finance - MiniSim - V21.12.2016\Backup\Mobius\UI\FollowUpEtapa.Designer.cs">
</Event><Event ErrorLevel="0" Project="Mobius" Source="Mobius\UI\Resumo.cs" Description="File successfully backed up as Y:\3.Coordenação - GCA\1.Automação de Processos\4.Fontes\Mobios+\Versão Unificada\3 RUPTURA - Trade Finance - MiniSim - V21.12.2016\Backup\Mobius\UI\Resumo.cs">
</Event><Event ErrorLevel="0" Project="Mobius" Source="Mobius\UI\Resumo.Designer.cs" Description="File successfully backed up as Y:\3.Coordenação - GCA\1.Automação de Processos\4.Fontes\Mobios+\Versão Unificada\3 RUPTURA - Trade Finance - MiniSim - V21.12.2016\Backup\Mobius\UI\Resumo.Designer.cs">
</Event><Event ErrorLevel="0" Project="Mobius" Source="Mobius\UI\RegistrarOperacao.cs" Description="File successfully backed up as Y:\3.Coordenação - GCA\1.Automação de Processos\4.Fontes\Mobios+\Versão Unificada\3 RUPTURA - Trade Finance - MiniSim - V21.12.2016\Backup\Mobius\UI\RegistrarOperacao.cs">
</Event><Event ErrorLevel="0" Project="Mobius" Source="Mobius\UI\RegistrarOperacao.designer.cs" Description="File successfully backed up as Y:\3.Coordenação - GCA\1.Automação de Processos\4.Fontes\Mobios+\Versão Unificada\3 RUPTURA - Trade Finance - MiniSim - V21.12.2016\Backup\Mobius\UI\RegistrarOperacao.designer.cs">
</Event><Event ErrorLevel="0" Project="Mobius" Source="Mobius\UI\Workflow.cs" Description="File successfully backed up as Y:\3.Coordenação - GCA\1.Automação de Processos\4.Fontes\Mobios+\Versão Unificada\3 RUPTURA - Trade Finance - MiniSim - V21.12.2016\Backup\Mobius\UI\Workflow.cs">
</Event><Event ErrorLevel="0" Project="Mobius" Source="Mobius\UI\Workflow.Designer.cs" Description="File successfully backed up as Y:\3.Coordenação - GCA\1.Automação de Processos\4.Fontes\Mobios+\Versão Unificada\3 RUPTURA - Trade Finance - MiniSim - V21.12.2016\Backup\Mobius\UI\Workflow.Designer.cs">
</Event><Event ErrorLevel="0" Project="Mobius" Source="Mobius\UI\Produtos.cs" Description="File successfully backed up as Y:\3.Coordenação - GCA\1.Automação de Processos\4.Fontes\Mobios+\Versão Unificada\3 RUPTURA - Trade Finance - MiniSim - V21.12.2016\Backup\Mobius\UI\Produtos.cs">
</Event><Event ErrorLevel="0" Project="Mobius" Source="Mobius\UI\Produtos.Designer.cs" Description="File successfully backed up as Y:\3.Coordenação - GCA\1.Automação de Processos\4.Fontes\Mobios+\Versão Unificada\3 RUPTURA - Trade Finance - MiniSim - V21.12.2016\Backup\Mobius\UI\Produtos.Designer.cs">
</Event><Event ErrorLevel="0" Project="Mobius" Source="Mobius\UI\Analistas.cs" Description="File successfully backed up as Y:\3.Coordenação - GCA\1.Automação de Processos\4.Fontes\Mobios+\Versão Unificada\3 RUPTURA - Trade Finance - MiniSim - V21.12.2016\Backup\Mobius\UI\Analistas.cs">
</Event><Event ErrorLevel="0" Project="Mobius" Source="Mobius\UI\Analistas.Designer.cs" Description="File successfully backed up as Y:\3.Coordenação - GCA\1.Automação de Processos\4.Fontes\Mobios+\Versão Unificada\3 RUPTURA - Trade Finance - MiniSim - V21.12.2016\Backup\Mobius\UI\Analistas.Designer.cs">
</Event><Event ErrorLevel="0" Project="Mobius" Source="Mobius\UI\Associar.cs" Description="File successfully backed up as Y:\3.Coordenação - GCA\1.Automação de Processos\4.Fontes\Mobios+\Versão Unificada\3 RUPTURA - Trade Finance - MiniSim - V21.12.2016\Backup\Mobius\UI\Associar.cs">
</Event><Event ErrorLevel="0" Project="Mobius" Source="Mobius\UI\Associar.Designer.cs" Description="File successfully backed up as Y:\3.Coordenação - GCA\1.Automação de Processos\4.Fontes\Mobios+\Versão Unificada\3 RUPTURA - Trade Finance - MiniSim - V21.12.2016\Backup\Mobius\UI\Associar.Designer.cs">
</Event><Event ErrorLevel="0" Project="Mobius" Source="Mobius\UI\Detalhe.cs" Description="File successfully backed up as Y:\3.Coordenação - GCA\1.Automação de Processos\4.Fontes\Mobios+\Versão Unificada\3 RUPTURA - Trade Finance - MiniSim - V21.12.2016\Backup\Mobius\UI\Detalhe.cs">
</Event><Event ErrorLevel="0" Project="Mobius" Source="Mobius\UI\Detalhe.Designer.cs" Description="File successfully backed up as Y:\3.Coordenação - GCA\1.Automação de Processos\4.Fontes\Mobios+\Versão Unificada\3 RUPTURA - Trade Finance - MiniSim - V21.12.2016\Backup\Mobius\UI\Detalhe.Designer.cs">
</Event><Event ErrorLevel="0" Project="Mobius" Source="Mobius\MainForm.cs" Description="File successfully backed up as Y:\3.Coordenação - GCA\1.Automação de Processos\4.Fontes\Mobios+\Versão Unificada\3 RUPTURA - Trade Finance - MiniSim - V21.12.2016\Backup\Mobius\MainForm.cs">
</Event><Event ErrorLevel="0" Project="Mobius" Source="Mobius\MainForm.Designer.cs" Description="File successfully backed up as Y:\3.Coordenação - GCA\1.Automação de Processos\4.Fontes\Mobios+\Versão Unificada\3 RUPTURA - Trade Finance - MiniSim - V21.12.2016\Backup\Mobius\MainForm.Designer.cs">
</Event><Event ErrorLevel="0" Project="Mobius" Source="Mobius\UI\Pipeline.cs" Description="File successfully backed up as Y:\3.Coordenação - GCA\1.Automação de Processos\4.Fontes\Mobios+\Versão Unificada\3 RUPTURA - Trade Finance - MiniSim - V21.12.2016\Backup\Mobius\UI\Pipeline.cs">
</Event><Event ErrorLevel="0" Project="Mobius" Source="Mobius\UI\Pipeline.Designer.cs" Description="File successfully backed up as Y:\3.Coordenação - GCA\1.Automação de Processos\4.Fontes\Mobios+\Versão Unificada\3 RUPTURA - Trade Finance - MiniSim - V21.12.2016\Backup\Mobius\UI\Pipeline.Designer.cs">
</Event><Event ErrorLevel="0" Project="Mobius" Source="Mobius\Program.cs" Description="File successfully backed up as Y:\3.Coordenação - GCA\1.Automação de Processos\4.Fontes\Mobios+\Versão Unificada\3 RUPTURA - Trade Finance - MiniSim - V21.12.2016\Backup\Mobius\Program.cs">
</Event><Event ErrorLevel="0" Project="Mobius" Source="Mobius\Properties\AssemblyInfo.cs" Description="File successfully backed up as Y:\3.Coordenação - GCA\1.Automação de Processos\4.Fontes\Mobios+\Versão Unificada\3 RUPTURA - Trade Finance - MiniSim - V21.12.2016\Backup\Mobius\Properties\AssemblyInfo.cs">
</Event><Event ErrorLevel="0" Project="Mobius" Source="Mobius\UI\Search.cs" Description="File successfully backed up as Y:\3.Coordenação - GCA\1.Automação de Processos\4.Fontes\Mobios+\Versão Unificada\3 RUPTURA - Trade Finance - MiniSim - V21.12.2016\Backup\Mobius\UI\Search.cs">
</Event><Event ErrorLevel="0" Project="Mobius" Source="Mobius\UI\Search.Designer.cs" Description="File successfully backed up as Y:\3.Coordenação - GCA\1.Automação de Processos\4.Fontes\Mobios+\Versão Unificada\3 RUPTURA - Trade Finance - MiniSim - V21.12.2016\Backup\Mobius\UI\Search.Designer.cs">
</Event><Event ErrorLevel="0" Project="Mobius" Source="Mobius\Properties\Resources.Designer.cs" Description="File successfully backed up as Y:\3.Coordenação - GCA\1.Automação de Processos\4.Fontes\Mobios+\Versão Unificada\3 RUPTURA - Trade Finance - MiniSim - V21.12.2016\Backup\Mobius\Properties\Resources.Designer.cs">
</Event><Event ErrorLevel="0" Project="Mobius" Source="Mobius\Properties\Settings.Designer.cs" Description="File successfully backed up as Y:\3.Coordenação - GCA\1.Automação de Processos\4.Fontes\Mobios+\Versão Unificada\3 RUPTURA - Trade Finance - MiniSim - V21.12.2016\Backup\Mobius\Properties\Settings.Designer.cs">
</Event><Event ErrorLevel="0" Project="Mobius" Source="Mobius\Mobius_1_TemporaryKey.pfx" Description="File successfully backed up as Y:\3.Coordenação - GCA\1.Automação de Processos\4.Fontes\Mobios+\Versão Unificada\3 RUPTURA - Trade Finance - MiniSim - V21.12.2016\Backup\Mobius\Mobius_1_TemporaryKey.pfx">
</Event><Event ErrorLevel="0" Project="Mobius" Source="Mobius\Mobius_TemporaryKey.pfx" Description="File successfully backed up as Y:\3.Coordenação - GCA\1.Automação de Processos\4.Fontes\Mobios+\Versão Unificada\3 RUPTURA - Trade Finance - MiniSim - V21.12.2016\Backup\Mobius\Mobius_TemporaryKey.pfx">
</Event><Event ErrorLevel="0" Project="Mobius" Source="Mobius\Properties\Settings.settings" Description="File successfully backed up as Y:\3.Coordenação - GCA\1.Automação de Processos\4.Fontes\Mobios+\Versão Unificada\3 RUPTURA - Trade Finance - MiniSim - V21.12.2016\Backup\Mobius\Properties\Settings.settings">
</Event><Event ErrorLevel="0" Project="Mobius" Source="Mobius\App.config" Description="File successfully backed up as Y:\3.Coordenação - GCA\1.Automação de Processos\4.Fontes\Mobios+\Versão Unificada\3 RUPTURA - Trade Finance - MiniSim - V21.12.2016\Backup\Mobius\App.config">
</Event><Event ErrorLevel="0" Project="Mobius" Source="Mobius\Icons\Loading_icon.gif" Description="File successfully backed up as Y:\3.Coordenação - GCA\1.Automação de Processos\4.Fontes\Mobios+\Versão Unificada\3 RUPTURA - Trade Finance - MiniSim - V21.12.2016\Backup\Mobius\Icons\Loading_icon.gif">
</Event><Event ErrorLevel="0" Project="Mobius" Source="Mobius\Icons\Infinity-Loop.ico" Description="File successfully backed up as Y:\3.Coordenação - GCA\1.Automação de Processos\4.Fontes\Mobios+\Versão Unificada\3 RUPTURA - Trade Finance - MiniSim - V21.12.2016\Backup\Mobius\Icons\Infinity-Loop.ico">
</Event><Event ErrorLevel="0" Project="Mobius" Source="Mobius\Icons\2798_-_Nail_Filer-128.ico" Description="File successfully backed up as Y:\3.Coordenação - GCA\1.Automação de Processos\4.Fontes\Mobios+\Versão Unificada\3 RUPTURA - Trade Finance - MiniSim - V21.12.2016\Backup\Mobius\Icons\2798_-_Nail_Filer-128.ico">
</Event><Event ErrorLevel="0" Project="Mobius" Source="Mobius\CustomUI\AbreExcel.resx" Description="File successfully backed up as Y:\3.Coordenação - GCA\1.Automação de Processos\4.Fontes\Mobios+\Versão Unificada\3 RUPTURA - Trade Finance - MiniSim - V21.12.2016\Backup\Mobius\CustomUI\AbreExcel.resx">
</Event><Event ErrorLevel="0" Project="Mobius" Source="Mobius\CustomUI\AcessoBoleto.resx" Description="File successfully backed up as Y:\3.Coordenação - GCA\1.Automação de Processos\4.Fontes\Mobios+\Versão Unificada\3 RUPTURA - Trade Finance - MiniSim - V21.12.2016\Backup\Mobius\CustomUI\AcessoBoleto.resx">
</Event><Event ErrorLevel="0" Project="Mobius" Source="Mobius\CustomUI\FluxoColetaNumerario.resx" Description="File successfully backed up as Y:\3.Coordenação - GCA\1.Automação de Processos\4.Fontes\Mobios+\Versão Unificada\3 RUPTURA - Trade Finance - MiniSim - V21.12.2016\Backup\Mobius\CustomUI\FluxoColetaNumerario.resx">
</Event><Event ErrorLevel="0" Project="Mobius" Source="Mobius\CustomUI\ImportaArquivos.resx" Description="File successfully backed up as Y:\3.Coordenação - GCA\1.Automação de Processos\4.Fontes\Mobios+\Versão Unificada\3 RUPTURA - Trade Finance - MiniSim - V21.12.2016\Backup\Mobius\CustomUI\ImportaArquivos.resx">
</Event><Event ErrorLevel="0" Project="Mobius" Source="Mobius\CustomUI\Integradores.resx" Description="File successfully backed up as Y:\3.Coordenação - GCA\1.Automação de Processos\4.Fontes\Mobios+\Versão Unificada\3 RUPTURA - Trade Finance - MiniSim - V21.12.2016\Backup\Mobius\CustomUI\Integradores.resx">
</Event><Event ErrorLevel="0" Project="Mobius" Source="Mobius\CustomUI\Minutas.resx" Description="File successfully backed up as Y:\3.Coordenação - GCA\1.Automação de Processos\4.Fontes\Mobios+\Versão Unificada\3 RUPTURA - Trade Finance - MiniSim - V21.12.2016\Backup\Mobius\CustomUI\Minutas.resx">
</Event><Event ErrorLevel="0" Project="Mobius" Source="Mobius\CustomUI\Ptax.resx" Description="File successfully backed up as Y:\3.Coordenação - GCA\1.Automação de Processos\4.Fontes\Mobios+\Versão Unificada\3 RUPTURA - Trade Finance - MiniSim - V21.12.2016\Backup\Mobius\CustomUI\Ptax.resx">
</Event><Event ErrorLevel="0" Project="Mobius" Source="Mobius\CustomUI\Web.resx" Description="File successfully backed up as Y:\3.Coordenação - GCA\1.Automação de Processos\4.Fontes\Mobios+\Versão Unificada\3 RUPTURA - Trade Finance - MiniSim - V21.12.2016\Backup\Mobius\CustomUI\Web.resx">
</Event><Event ErrorLevel="0" Project="Mobius" Source="Mobius\UI\Atribuir.resx" Description="File successfully backed up as Y:\3.Coordenação - GCA\1.Automação de Processos\4.Fontes\Mobios+\Versão Unificada\3 RUPTURA - Trade Finance - MiniSim - V21.12.2016\Backup\Mobius\UI\Atribuir.resx">
</Event><Event ErrorLevel="0" Project="Mobius" Source="Mobius\CustomUI\ContasVinculadas.resx" Description="File successfully backed up as Y:\3.Coordenação - GCA\1.Automação de Processos\4.Fontes\Mobios+\Versão Unificada\3 RUPTURA - Trade Finance - MiniSim - V21.12.2016\Backup\Mobius\CustomUI\ContasVinculadas.resx">
</Event><Event ErrorLevel="0" Project="Mobius" Source="Mobius\CustomUI\IntegracaoExcel.resx" Description="File successfully backed up as Y:\3.Coordenação - GCA\1.Automação de Processos\4.Fontes\Mobios+\Versão Unificada\3 RUPTURA - Trade Finance - MiniSim - V21.12.2016\Backup\Mobius\CustomUI\IntegracaoExcel.resx">
</Event><Event ErrorLevel="0" Project="Mobius" Source="Mobius\UI\SimilaritySearch.resx" Description="File successfully backed up as Y:\3.Coordenação - GCA\1.Automação de Processos\4.Fontes\Mobios+\Versão Unificada\3 RUPTURA - Trade Finance - MiniSim - V21.12.2016\Backup\Mobius\UI\SimilaritySearch.resx">
</Event><Event ErrorLevel="0" Project="Mobius" Source="Mobius\UI\FollowUpEtapa.resx" Description="File successfully backed up as Y:\3.Coordenação - GCA\1.Automação de Processos\4.Fontes\Mobios+\Versão Unificada\3 RUPTURA - Trade Finance - MiniSim - V21.12.2016\Backup\Mobius\UI\FollowUpEtapa.resx">
</Event><Event ErrorLevel="0" Project="Mobius" Source="Mobius\UI\RegistrarOperacao.resx" Description="File successfully backed up as Y:\3.Coordenação - GCA\1.Automação de Processos\4.Fontes\Mobios+\Versão Unificada\3 RUPTURA - Trade Finance - MiniSim - V21.12.2016\Backup\Mobius\UI\RegistrarOperacao.resx">
</Event><Event ErrorLevel="0" Project="Mobius" Source="Mobius\UI\Resumo.resx" Description="File successfully backed up as Y:\3.Coordenação - GCA\1.Automação de Processos\4.Fontes\Mobios+\Versão Unificada\3 RUPTURA - Trade Finance - MiniSim - V21.12.2016\Backup\Mobius\UI\Resumo.resx">
</Event><Event ErrorLevel="0" Project="Mobius" Source="Mobius\UI\Workflow.resx" Description="File successfully backed up as Y:\3.Coordenação - GCA\1.Automação de Processos\4.Fontes\Mobios+\Versão Unificada\3 RUPTURA - Trade Finance - MiniSim - V21.12.2016\Backup\Mobius\UI\Workflow.resx">
</Event><Event ErrorLevel="0" Project="Mobius" Source="Mobius\UI\Produtos.resx" Description="File successfully backed up as Y:\3.Coordenação - GCA\1.Automação de Processos\4.Fontes\Mobios+\Versão Unificada\3 RUPTURA - Trade Finance - MiniSim - V21.12.2016\Backup\Mobius\UI\Produtos.resx">
</Event><Event ErrorLevel="0" Project="Mobius" Source="Mobius\UI\Analistas.resx" Description="File successfully backed up as Y:\3.Coordenação - GCA\1.Automação de Processos\4.Fontes\Mobios+\Versão Unificada\3 RUPTURA - Trade Finance - MiniSim - V21.12.2016\Backup\Mobius\UI\Analistas.resx">
</Event><Event ErrorLevel="0" Project="Mobius" Source="Mobius\UI\Associar.resx" Description="File successfully backed up as Y:\3.Coordenação - GCA\1.Automação de Processos\4.Fontes\Mobios+\Versão Unificada\3 RUPTURA - Trade Finance - MiniSim - V21.12.2016\Backup\Mobius\UI\Associar.resx">
</Event><Event ErrorLevel="0" Project="Mobius" Source="Mobius\UI\Detalhe.resx" Description="File successfully backed up as Y:\3.Coordenação - GCA\1.Automação de Processos\4.Fontes\Mobios+\Versão Unificada\3 RUPTURA - Trade Finance - MiniSim - V21.12.2016\Backup\Mobius\UI\Detalhe.resx">
</Event><Event ErrorLevel="0" Project="Mobius" Source="Mobius\MainForm.resx" Description="File successfully backed up as Y:\3.Coordenação - GCA\1.Automação de Processos\4.Fontes\Mobios+\Versão Unificada\3 RUPTURA - Trade Finance - MiniSim - V21.12.2016\Backup\Mobius\MainForm.resx">
</Event><Event ErrorLevel="0" Project="Mobius" Source="Mobius\UI\Pipeline.resx" Description="File successfully backed up as Y:\3.Coordenação - GCA\1.Automação de Processos\4.Fontes\Mobios+\Versão Unificada\3 RUPTURA - Trade Finance - MiniSim - V21.12.2016\Backup\Mobius\UI\Pipeline.resx">
</Event><Event ErrorLevel="0" Project="Mobius" Source="Mobius\Properties\Resources.resx" Description="File successfully backed up as Y:\3.Coordenação - GCA\1.Automação de Processos\4.Fontes\Mobios+\Versão Unificada\3 RUPTURA - Trade Finance - MiniSim - V21.12.2016\Backup\Mobius\Properties\Resources.resx">
</Event><Event ErrorLevel="0" Project="Mobius" Source="Mobius\UI\Search.resx" Description="File successfully backed up as Y:\3.Coordenação - GCA\1.Automação de Processos\4.Fontes\Mobios+\Versão Unificada\3 RUPTURA - Trade Finance - MiniSim - V21.12.2016\Backup\Mobius\UI\Search.resx">
</Event><Event ErrorLevel="0" Project="Mobius" Source="Mobius\Mobius.csproj" Description="The project file does not require conversion.">
</Event><Event ErrorLevel="3" Project="Mobius" Source="Mobius\Mobius.csproj" Description="No Conversion Required">
</Event><Event ErrorLevel="0" Project="Lib.Mobios" Source="Lib.Mobios\Lib.Mobios.csproj" Description="Project file successfully backed up as Y:\3.Coordenação - GCA\1.Automação de Processos\4.Fontes\Mobios+\Versão Unificada\3 RUPTURA - Trade Finance - MiniSim - V21.12.2016\Backup\Lib.Mobios\Lib.Mobios.csproj">
</Event><Event ErrorLevel="0" Project="Lib.Mobios" Source="Lib.Mobios\Lib.Mobios.csproj.user" Description="Project user file successfully backed up as Y:\3.Coordenação - GCA\1.Automação de Processos\4.Fontes\Mobios+\Versão Unificada\3 RUPTURA - Trade Finance - MiniSim - V21.12.2016\Backup\Lib.Mobios\Lib.Mobios.csproj.user">
</Event><Event ErrorLevel="0" Project="Lib.Mobios" Source="Lib.Mobios\Data\DataAccess.cs" Description="File successfully backed up as Y:\3.Coordenação - GCA\1.Automação de Processos\4.Fontes\Mobios+\Versão Unificada\3 RUPTURA - Trade Finance - MiniSim - V21.12.2016\Backup\Lib.Mobios\Data\DataAccess.cs">
</Event><Event ErrorLevel="0" Project="Lib.Mobios" Source="Lib.Mobios\Data\DataConnector.cs" Description="File successfully backed up as Y:\3.Coordenação - GCA\1.Automação de Processos\4.Fontes\Mobios+\Versão Unificada\3 RUPTURA - Trade Finance - MiniSim - V21.12.2016\Backup\Lib.Mobios\Data\DataConnector.cs">
</Event><Event ErrorLevel="0" Project="Lib.Mobios" Source="Lib.Mobios\Entity\Boleta.cs" Description="File successfully backed up as Y:\3.Coordenação - GCA\1.Automação de Processos\4.Fontes\Mobios+\Versão Unificada\3 RUPTURA - Trade Finance - MiniSim - V21.12.2016\Backup\Lib.Mobios\Entity\Boleta.cs">
</Event><Event ErrorLevel="0" Project="Lib.Mobios" Source="Lib.Mobios\Entity\ClassListMethod.cs" Description="File successfully backed up as Y:\3.Coordenação - GCA\1.Automação de Processos\4.Fontes\Mobios+\Versão Unificada\3 RUPTURA - Trade Finance - MiniSim - V21.12.2016\Backup\Lib.Mobios\Entity\ClassListMethod.cs">
</Event><Event ErrorLevel="0" Project="Lib.Mobios" Source="Lib.Mobios\Entity\COLETA\Endereco.cs" Description="File successfully backed up as Y:\3.Coordenação - GCA\1.Automação de Processos\4.Fontes\Mobios+\Versão Unificada\3 RUPTURA - Trade Finance - MiniSim - V21.12.2016\Backup\Lib.Mobios\Entity\COLETA\Endereco.cs">
</Event><Event ErrorLevel="0" Project="Lib.Mobios" Source="Lib.Mobios\Entity\Importações.cs" Description="File successfully backed up as Y:\3.Coordenação - GCA\1.Automação de Processos\4.Fontes\Mobios+\Versão Unificada\3 RUPTURA - Trade Finance - MiniSim - V21.12.2016\Backup\Lib.Mobios\Entity\Importações.cs">
</Event><Event ErrorLevel="0" Project="Lib.Mobios" Source="Lib.Mobios\Entity\Loading.cs" Description="File successfully backed up as Y:\3.Coordenação - GCA\1.Automação de Processos\4.Fontes\Mobios+\Versão Unificada\3 RUPTURA - Trade Finance - MiniSim - V21.12.2016\Backup\Lib.Mobios\Entity\Loading.cs">
</Event><Event ErrorLevel="0" Project="Lib.Mobios" Source="Lib.Mobios\Entity\Loading.Designer.cs" Description="File successfully backed up as Y:\3.Coordenação - GCA\1.Automação de Processos\4.Fontes\Mobios+\Versão Unificada\3 RUPTURA - Trade Finance - MiniSim - V21.12.2016\Backup\Lib.Mobios\Entity\Loading.Designer.cs">
</Event><Event ErrorLevel="0" Project="Lib.Mobios" Source="Lib.Mobios\Rules\AbreServico.cs" Description="File successfully backed up as Y:\3.Coordenação - GCA\1.Automação de Processos\4.Fontes\Mobios+\Versão Unificada\3 RUPTURA - Trade Finance - MiniSim - V21.12.2016\Backup\Lib.Mobios\Rules\AbreServico.cs">
</Event><Event ErrorLevel="0" Project="Lib.Mobios" Source="Lib.Mobios\Rules\Importações\ImportaWeb.cs" Description="File successfully backed up as Y:\3.Coordenação - GCA\1.Automação de Processos\4.Fontes\Mobios+\Versão Unificada\3 RUPTURA - Trade Finance - MiniSim - V21.12.2016\Backup\Lib.Mobios\Rules\Importações\ImportaWeb.cs">
</Event><Event ErrorLevel="0" Project="Lib.Mobios" Source="Lib.Mobios\Rules\Minuta.cs" Description="File successfully backed up as Y:\3.Coordenação - GCA\1.Automação de Processos\4.Fontes\Mobios+\Versão Unificada\3 RUPTURA - Trade Finance - MiniSim - V21.12.2016\Backup\Lib.Mobios\Rules\Minuta.cs">
</Event><Event ErrorLevel="0" Project="Lib.Mobios" Source="Lib.Mobios\Entity\NumericTextBox.cs" Description="File successfully backed up as Y:\3.Coordenação - GCA\1.Automação de Processos\4.Fontes\Mobios+\Versão Unificada\3 RUPTURA - Trade Finance - MiniSim - V21.12.2016\Backup\Lib.Mobios\Entity\NumericTextBox.cs">
</Event><Event ErrorLevel="0" Project="Lib.Mobios" Source="Lib.Mobios\Entity\Responsavel.cs" Description="File successfully backed up as Y:\3.Coordenação - GCA\1.Automação de Processos\4.Fontes\Mobios+\Versão Unificada\3 RUPTURA - Trade Finance - MiniSim - V21.12.2016\Backup\Lib.Mobios\Entity\Responsavel.cs">
</Event><Event ErrorLevel="0" Project="Lib.Mobios" Source="Lib.Mobios\Properties\AssemblyInfo.cs" Description="File successfully backed up as Y:\3.Coordenação - GCA\1.Automação de Processos\4.Fontes\Mobios+\Versão Unificada\3 RUPTURA - Trade Finance - MiniSim - V21.12.2016\Backup\Lib.Mobios\Properties\AssemblyInfo.cs">
</Event><Event ErrorLevel="0" Project="Lib.Mobios" Source="Lib.Mobios\Entity\Membros.cs" Description="File successfully backed up as Y:\3.Coordenação - GCA\1.Automação de Processos\4.Fontes\Mobios+\Versão Unificada\3 RUPTURA - Trade Finance - MiniSim - V21.12.2016\Backup\Lib.Mobios\Entity\Membros.cs">
</Event><Event ErrorLevel="0" Project="Lib.Mobios" Source="Lib.Mobios\Properties\Resources.Designer.cs" Description="File successfully backed up as Y:\3.Coordenação - GCA\1.Automação de Processos\4.Fontes\Mobios+\Versão Unificada\3 RUPTURA - Trade Finance - MiniSim - V21.12.2016\Backup\Lib.Mobios\Properties\Resources.Designer.cs">
</Event><Event ErrorLevel="0" Project="Lib.Mobios" Source="Lib.Mobios\Properties\Settings.Designer.cs" Description="File successfully backed up as Y:\3.Coordenação - GCA\1.Automação de Processos\4.Fontes\Mobios+\Versão Unificada\3 RUPTURA - Trade Finance - MiniSim - V21.12.2016\Backup\Lib.Mobios\Properties\Settings.Designer.cs">
</Event><Event ErrorLevel="0" Project="Lib.Mobios" Source="Lib.Mobios\Rules\Importações\BoletoBen.cs" Description="File successfully backed up as Y:\3.Coordenação - GCA\1.Automação de Processos\4.Fontes\Mobios+\Versão Unificada\3 RUPTURA - Trade Finance - MiniSim - V21.12.2016\Backup\Lib.Mobios\Rules\Importações\BoletoBen.cs">
</Event><Event ErrorLevel="0" Project="Lib.Mobios" Source="Lib.Mobios\Rules\Importações\BoletoOQ.cs" Description="File successfully backed up as Y:\3.Coordenação - GCA\1.Automação de Processos\4.Fontes\Mobios+\Versão Unificada\3 RUPTURA - Trade Finance - MiniSim - V21.12.2016\Backup\Lib.Mobios\Rules\Importações\BoletoOQ.cs">
</Event><Event ErrorLevel="0" Project="Lib.Mobios" Source="Lib.Mobios\Rules\ProcessaPtax.cs" Description="File successfully backed up as Y:\3.Coordenação - GCA\1.Automação de Processos\4.Fontes\Mobios+\Versão Unificada\3 RUPTURA - Trade Finance - MiniSim - V21.12.2016\Backup\Lib.Mobios\Rules\ProcessaPtax.cs">
</Event><Event ErrorLevel="0" Project="Lib.Mobios" Source="Lib.Mobios\Rules\Tratamento.cs" Description="File successfully backed up as Y:\3.Coordenação - GCA\1.Automação de Processos\4.Fontes\Mobios+\Versão Unificada\3 RUPTURA - Trade Finance - MiniSim - V21.12.2016\Backup\Lib.Mobios\Rules\Tratamento.cs">
</Event><Event ErrorLevel="0" Project="Lib.Mobios" Source="Lib.Mobios\Rules\ImPersone.cs" Description="File successfully backed up as Y:\3.Coordenação - GCA\1.Automação de Processos\4.Fontes\Mobios+\Versão Unificada\3 RUPTURA - Trade Finance - MiniSim - V21.12.2016\Backup\Lib.Mobios\Rules\ImPersone.cs">
</Event><Event ErrorLevel="0" Project="Lib.Mobios" Source="Lib.Mobios\Rules\Log.cs" Description="File successfully backed up as Y:\3.Coordenação - GCA\1.Automação de Processos\4.Fontes\Mobios+\Versão Unificada\3 RUPTURA - Trade Finance - MiniSim - V21.12.2016\Backup\Lib.Mobios\Rules\Log.cs">
</Event><Event ErrorLevel="0" Project="Lib.Mobios" Source="Lib.Mobios\Rules\Importações\ArquivosTratar.cs" Description="File successfully backed up as Y:\3.Coordenação - GCA\1.Automação de Processos\4.Fontes\Mobios+\Versão Unificada\3 RUPTURA - Trade Finance - MiniSim - V21.12.2016\Backup\Lib.Mobios\Rules\Importações\ArquivosTratar.cs">
</Event><Event ErrorLevel="0" Project="Lib.Mobios" Source="Lib.Mobios\Rules\Importações\PN.cs" Description="File successfully backed up as Y:\3.Coordenação - GCA\1.Automação de Processos\4.Fontes\Mobios+\Versão Unificada\3 RUPTURA - Trade Finance - MiniSim - V21.12.2016\Backup\Lib.Mobios\Rules\Importações\PN.cs">
</Event><Event ErrorLevel="0" Project="Lib.Mobios" Source="Lib.Mobios\Rules\SharePoint.cs" Description="File successfully backed up as Y:\3.Coordenação - GCA\1.Automação de Processos\4.Fontes\Mobios+\Versão Unificada\3 RUPTURA - Trade Finance - MiniSim - V21.12.2016\Backup\Lib.Mobios\Rules\SharePoint.cs">
</Event><Event ErrorLevel="0" Project="Lib.Mobios" Source="Lib.Mobios\Rules\TelaDinamica.cs" Description="File successfully backed up as Y:\3.Coordenação - GCA\1.Automação de Processos\4.Fontes\Mobios+\Versão Unificada\3 RUPTURA - Trade Finance - MiniSim - V21.12.2016\Backup\Lib.Mobios\Rules\TelaDinamica.cs">
</Event><Event ErrorLevel="0" Project="Lib.Mobios" Source="Lib.Mobios\Rules\TratarEventos.cs" Description="File successfully backed up as Y:\3.Coordenação - GCA\1.Automação de Processos\4.Fontes\Mobios+\Versão Unificada\3 RUPTURA - Trade Finance - MiniSim - V21.12.2016\Backup\Lib.Mobios\Rules\TratarEventos.cs">
</Event><Event ErrorLevel="0" Project="Lib.Mobios" Source="Lib.Mobios\Settings.cs" Description="File successfully backed up as Y:\3.Coordenação - GCA\1.Automação de Processos\4.Fontes\Mobios+\Versão Unificada\3 RUPTURA - Trade Finance - MiniSim - V21.12.2016\Backup\Lib.Mobios\Settings.cs">
</Event><Event ErrorLevel="0" Project="Lib.Mobios" Source="Lib.Mobios\Web References\SPwebService\Reference.cs" Description="File successfully backed up as Y:\3.Coordenação - GCA\1.Automação de Processos\4.Fontes\Mobios+\Versão Unificada\3 RUPTURA - Trade Finance - MiniSim - V21.12.2016\Backup\Lib.Mobios\Web References\SPwebService\Reference.cs">
</Event><Event ErrorLevel="0" Project="Lib.Mobios" Source="Lib.Mobios\app.config" Description="File successfully backed up as Y:\3.Coordenação - GCA\1.Automação de Processos\4.Fontes\Mobios+\Versão Unificada\3 RUPTURA - Trade Finance - MiniSim - V21.12.2016\Backup\Lib.Mobios\app.config">
</Event><Event ErrorLevel="0" Project="Lib.Mobios" Source="Lib.Mobios\packages.config" Description="File successfully backed up as Y:\3.Coordenação - GCA\1.Automação de Processos\4.Fontes\Mobios+\Versão Unificada\3 RUPTURA - Trade Finance - MiniSim - V21.12.2016\Backup\Lib.Mobios\packages.config">
</Event><Event ErrorLevel="0" Project="Lib.Mobios" Source="Lib.Mobios\Properties\Settings.settings" Description="File successfully backed up as Y:\3.Coordenação - GCA\1.Automação de Processos\4.Fontes\Mobios+\Versão Unificada\3 RUPTURA - Trade Finance - MiniSim - V21.12.2016\Backup\Lib.Mobios\Properties\Settings.settings">
</Event><Event ErrorLevel="0" Project="Lib.Mobios" Source="Lib.Mobios\Web References\SPwebService\LISTS.disco" Description="File successfully backed up as Y:\3.Coordenação - GCA\1.Automação de Processos\4.Fontes\Mobios+\Versão Unificada\3 RUPTURA - Trade Finance - MiniSim - V21.12.2016\Backup\Lib.Mobios\Web References\SPwebService\LISTS.disco">
</Event><Event ErrorLevel="0" Project="Lib.Mobios" Source="Lib.Mobios\Web References\SPwebService\LISTS.wsdl" Description="File successfully backed up as Y:\3.Coordenação - GCA\1.Automação de Processos\4.Fontes\Mobios+\Versão Unificada\3 RUPTURA - Trade Finance - MiniSim - V21.12.2016\Backup\Lib.Mobios\Web References\SPwebService\LISTS.wsdl">
</Event><Event ErrorLevel="0" Project="Lib.Mobios" Source="Lib.Mobios\Web References\SPwebService\Reference.map" Description="File successfully backed up as Y:\3.Coordenação - GCA\1.Automação de Processos\4.Fontes\Mobios+\Versão Unificada\3 RUPTURA - Trade Finance - MiniSim - V21.12.2016\Backup\Lib.Mobios\Web References\SPwebService\Reference.map">
</Event><Event ErrorLevel="0" Project="Lib.Mobios" Source="Lib.Mobios\Entity\Loading.resx" Description="File successfully backed up as Y:\3.Coordenação - GCA\1.Automação de Processos\4.Fontes\Mobios+\Versão Unificada\3 RUPTURA - Trade Finance - MiniSim - V21.12.2016\Backup\Lib.Mobios\Entity\Loading.resx">
</Event><Event ErrorLevel="0" Project="Lib.Mobios" Source="Lib.Mobios\Properties\Resources.resx" Description="File successfully backed up as Y:\3.Coordenação - GCA\1.Automação de Processos\4.Fontes\Mobios+\Versão Unificada\3 RUPTURA - Trade Finance - MiniSim - V21.12.2016\Backup\Lib.Mobios\Properties\Resources.resx">
</Event><Event ErrorLevel="0" Project="Lib.Mobios" Source="Lib.Mobios\Lib.Mobios.csproj" Description="The project file does not require conversion.">
</Event><Event ErrorLevel="3" Project="Lib.Mobios" Source="Lib.Mobios\Lib.Mobios.csproj" Description="No Conversion Required">
</Event><Event ErrorLevel="0" Project="" Source="Mobius.sln" Description="Solution converted successfully">
</Event><Event ErrorLevel="3" Project="" Source="Mobius.sln" Description="Converted">
</Event></UpgradeLog>